Kilometres,Zone,Bonus,Make,Insured,Claims,Payment
1,1,1,1,455.13,108,392491
1,1,1,2,69.17,19,46221
1,1,1,3,72.88,13,15694
1,1,1,4,1292.39,124,422201
1,1,1,5,191.01,40,119373
1,1,1,6,477.66,57,170913
1,1,1,7,105.58,23,56940
1,1,1,8,32.55,14,77487
1,1,1,9,9998.46,1704,6805992
1,1,2,1,314.58,45,214011
1,1,2,2,61.82,10,65303
1,1,2,3,47.06,5,20871
1,1,2,4,782.58,48,242894
1,1,2,5,115.43,11,23545
1,1,2,6,338.06,23,39598
1,1,2,7,70.44,7,48767
1,1,2,8,15.25,2,6560
1,1,2,9,6416.19,638,2873487
1,1,3,1,309.98,24,134931
1,1,3,2,49.18,6,50908
1,1,3,3,32.02,3,4399
1,1,3,4,497.2,23,112992
1,1,3,5,73.48,6,14788
1,1,3,6,278.01,9,48713
1,1,3,7,66.36,9,52076
1,1,3,8,17.86,3,13161
1,1,3,9,5063.15,408,1707680
1,1,4,1,318.48,29,103866
1,1,4,2,57.21,7,77588
1,1,4,3,35.33,4,11839
1,1,4,4,374.28,20,98140
1,1,4,5,85.18,7,27919
1,1,4,6,199.7,7,103910
1,1,4,7,60.46,4,38065
1,1,4,8,12.74,0,0
1,1,4,9,4263.09,300,1267678
1,1,5,1,444.37,25,69203
1,1,5,2,86.65,6,14620
1,1,5,3,53.81,5,40258
1,1,5,4,361.62,22,161455
1,1,5,5,117.91,3,20011
1,1,5,6,232.55,11,57214
1,1,5,7,81.27,3,4496
1,1,5,8,18.21,0,0
1,1,5,9,4761.37,301,1116208
1,1,6,1,1016.67,61,217617
1,1,6,2,150.56,12,58099
1,1,6,3,126.69,4,12268
1,1,6,4,517.31,16,59634
1,1,6,5,246.62,13,84966
1,1,6,6,482.96,19,137005
1,1,6,7,203.6,12,33767
1,1,6,8,25.88,3,6279
1,1,6,9,9197.99,522,1939894
1,1,7,1,5430.48,214,1048698
1,1,7,2,659.54,24,143915
1,1,7,3,657.34,22,153830
1,1,7,4,2795.72,60,202413
1,1,7,5,1119.12,41,180345
1,1,7,6,2861.69,92,484604
1,1,7,7,1111,37,152801
1,1,7,8,166.61,6,14084
1,1,7,9,48264.64,1875,8977527
1,2,1,1,458.89,98,532092
1,2,1,2,72.78,5,9006
1,2,1,3,33.23,7,45498
1,2,1,4,1544.55,101,337480
1,2,1,5,200.9,43,191982
1,2,1,6,663.98,65,300632
1,2,1,7,124.73,10,23349
1,2,1,8,29.24,4,13581
1,2,1,9,11381,1326,6173598
1,2,2,1,364.78,40,211494
1,2,2,2,51.89,5,10811
1,2,2,3,29.39,4,36204
1,2,2,4,1053.01,33,135007
1,2,2,5,110.1,16,49061
1,2,2,6,470.62,30,64287
1,2,2,7,93.29,8,51080
1,2,2,8,17.88,1,600
1,2,2,9,7607.66,591,2510207
1,2,3,1,315.14,17,106975
1,2,3,2,64.53,4,16922
1,2,3,3,27.24,2,8255
1,2,3,4,726.13,29,93656
1,2,3,5,96.49,4,44966
1,2,3,6,365.81,16,43426
1,2,3,7,80.8,5,48691
1,2,3,8,13.3,1,1325
1,2,3,9,5898.98,320,1392652
1,2,4,1,320.47,16,136143
1,2,4,2,69.55,4,34137
1,2,4,3,33.37,1,2702
1,2,4,4,507.57,9,22292
1,2,4,5,72.4,7,20295
1,2,4,6,316.14,9,57404
1,2,4,7,72.05,3,8538
1,2,4,8,18.35,0,0
1,2,4,9,4957.56,269,1375988
1,2,5,1,473.63,27,136376
1,2,5,2,88.09,8,19038
1,2,5,3,46.27,2,3604
1,2,5,4,467.96,9,10597
1,2,5,5,126.88,10,26433
1,2,5,6,316.15,11,52950
1,2,5,7,101.11,7,21620
1,2,5,8,23.37,1,2680
1,2,5,9,5481.31,282,1079230
1,2,6,1,996.27,61,236220
1,2,6,2,175.14,10,25036
1,2,6,3,111.97,5,22261
1,2,6,4,601.61,16,88961
1,2,6,5,260.69,14,64368
1,2,6,6,593.18,17,65578
1,2,6,7,229.72,7,46244
1,2,6,8,46.66,7,14385
1,2,6,9,9830.72,413,1840742
1,2,7,1,6021.43,233,1086534
1,2,7,2,852.8,33,165960
1,2,7,3,751.59,24,100564
1,2,7,4,3293.99,60,201401
1,2,7,5,1289.09,53,272610
1,2,7,6,3665.27,97,524316
1,2,7,7,1369.91,35,159658
1,2,7,8,183.98,5,18603
1,2,7,9,55084.54,1744,8500391
1,3,1,1,453.06,72,329632
1,3,1,2,67.13,9,79565
1,3,1,3,35.22,5,11746
1,3,1,4,1653.17,89,338305
1,3,1,5,206.62,38,124108
1,3,1,6,859.95,64,213078
1,3,1,7,110.08,11,34844
1,3,1,8,25.92,5,25319
1,3,1,9,11436.08,1205,5173923
1,3,2,1,317.1,25,90162
1,3,2,2,54.58,8,19327
1,3,2,3,22.59,3,1209
1,3,2,4,1187.43,30,123124
1,3,2,5,129.53,13,99258
1,3,2,6,617.11,40,137828
1,3,2,7,102.5,7,14904
1,3,2,8,21.56,1,597
1,3,2,9,8351.79,425,1937445
1,3,3,1,357.43,18,37835
1,3,3,2,62.87,3,5014
1,3,3,3,18,0,0
1,3,3,4,849.23,25,61591
1,3,3,5,119.21,6,47495
1,3,3,6,463.6,20,53173
1,3,3,7,104.36,6,11936
1,3,3,8,14.21,1,31442
1,3,3,9,6540.44,304,1284025
1,3,4,1,338.37,19,136281
1,3,4,2,52.49,2,9253
1,3,4,3,27.97,0,0
1,3,4,4,571.94,23,142536
1,3,4,5,113.36,6,21433
1,3,4,6,406.33,21,131027
1,3,4,7,85.15,3,4079
1,3,4,8,16.16,1,1012
1,3,4,9,5123.78,217,994540
1,3,5,1,459.4,16,61958
1,3,5,2,73.51,2,5056
1,3,5,3,41.51,4,44278
1,3,5,4,517.24,8,18455
1,3,5,5,136.08,8,28248
1,3,5,6,417.71,11,15568
1,3,5,7,103.07,1,8347
1,3,5,8,26.11,1,1144
1,3,5,9,5849.14,242,1184032
1,3,6,1,1060.28,43,245621
1,3,6,2,124.82,7,12648
1,3,6,3,119.17,2,5855
1,3,6,4,639.97,12,64278
1,3,6,5,307.56,14,90310
1,3,6,6,740.33,24,117763
1,3,6,7,233.83,7,20303
1,3,6,8,53.41,3,6221
1,3,6,9,10263.04,393,2026554
1,3,7,1,7155.96,197,980780
1,3,7,2,999.32,32,168854
1,3,7,3,1049.99,19,41459
1,3,7,4,3712.23,67,229231
1,3,7,5,1862.44,74,388511
1,3,7,6,4964,121,622350
1,3,7,7,1785.23,58,253660
1,3,7,8,331.45,8,94395
1,3,7,9,65617.47,1865,9884008
1,4,1,1,868.6,115,627513
1,4,1,2,122.54,10,113492
1,4,1,3,55.08,3,33925
1,4,1,4,2751.7,98,578698
1,4,1,5,328.36,36,149698
1,4,1,6,1730.51,105,604161
1,4,1,7,231.91,13,55103
1,4,1,8,48.77,4,34267
1,4,1,9,20153.28,1446,6605073
1,4,2,1,622.23,41,300510
1,4,2,2,94.03,5,11936
1,4,2,3,36.73,2,6387
1,4,2,4,2037.95,48,152944
1,4,2,5,189.27,17,40047
1,4,2,6,1217.01,65,344450
1,4,2,7,155.5,16,113524
1,4,2,8,27.27,0,0
1,4,2,9,14648.2,645,3150912
1,4,3,1,613.17,32,168882
1,4,3,2,108.4,5,43676
1,4,3,3,37.2,0,0
1,4,3,4,1447.58,25,66208
1,4,3,5,168.81,8,30465
1,4,3,6,933.44,40,374818
1,4,3,7,153.11,5,38157
1,4,3,8,32.44,2,8234
1,4,3,9,11314.54,427,2035982
1,4,4,1,573.86,29,214513
1,4,4,2,103.82,4,12077
1,4,4,3,49.14,2,12947
1,4,4,4,970.81,20,77705
1,4,4,5,135.49,6,16781
1,4,4,6,740.62,25,87155
1,4,4,7,123.63,3,11469
1,4,4,8,36.98,1,2572
1,4,4,9,8785.71,291,1189357
1,4,5,1,783.1,28,97770
1,4,5,2,127.17,7,21026
1,4,5,3,86.26,4,15583
1,4,5,4,886.11,16,71474
1,4,5,5,200.68,14,74804
1,4,5,6,825.58,16,76879
1,4,5,7,185.36,3,6085
1,4,5,8,53.05,1,6827
1,4,5,9,9849.89,324,1672294
1,4,6,1,1839.13,72,505590
1,4,6,2,298.73,5,16182
1,4,6,3,234.01,8,42369
1,4,6,4,1047.27,22,147524
1,4,6,5,481.63,16,70430
1,4,6,6,1317.07,34,162323
1,4,6,7,360.55,9,127814
1,4,6,8,90.61,7,80134
1,4,6,9,17332.9,535,2833885
1,4,7,1,15297.44,389,2505764
1,4,7,2,2085.44,65,296375
1,4,7,3,2140.94,38,253490
1,4,7,4,6923.74,100,435674
1,4,7,5,3721.62,115,641018
1,4,7,6,10409.88,194,1070372
1,4,7,7,3252.99,86,317119
1,4,7,8,768.54,23,160411
1,4,7,9,127687.27,2894,15540162
1,5,1,1,161.19,22,112479
1,5,1,2,15.53,2,1668
1,5,1,3,6.07,0,0
1,5,1,4,454.21,15,61507
1,5,1,5,69.38,13,83497
1,5,1,6,301.14,21,87734
1,5,1,7,47.82,6,51950
1,5,1,8,10.84,0,0
1,5,1,9,3645.26,407,1855941
1,5,2,1,132.69,7,27325
1,5,2,2,17.31,1,1554
1,5,2,3,4.2,0,0
1,5,2,4,324.26,10,22854
1,5,2,5,51.8,4,40692
1,5,2,6,218.84,12,88266
1,5,2,7,39.68,3,38808
1,5,2,8,12.15,1,1029
1,5,2,9,2694.25,174,616744
1,5,3,1,122.86,8,51943
1,5,3,2,21.15,0,0
1,5,3,3,5.15,0,0
1,5,3,4,240.23,6,13492
1,5,3,5,38.15,6,16170
1,5,3,6,173.78,4,17523
1,5,3,7,30.43,2,6421
1,5,3,8,4.82,1,31442
1,5,3,9,1993.33,117,481752
1,5,4,1,116.24,3,7229
1,5,4,2,16.48,1,1000
1,5,4,3,9.31,1,9867
1,5,4,4,160.66,8,22404
1,5,4,5,27.77,4,8119
1,5,4,6,145.54,8,33299
1,5,4,7,30.23,0,0
1,5,4,8,7.77,1,2700
1,5,4,9,1592.59,74,364037
1,5,5,1,185.95,11,53110
1,5,5,2,23.75,2,4900
1,5,5,3,15.57,0,0
1,5,5,4,140.66,2,4876
1,5,5,5,41.71,1,7056
1,5,5,6,141.81,2,3200
1,5,5,7,44.08,3,64516
1,5,5,8,9.68,0,0
1,5,5,9,1752.09,86,299385
1,5,6,1,394.91,9,25994
1,5,6,2,55.35,3,7232
1,5,6,3,40.03,1,1373
1,5,6,4,177.67,4,6211
1,5,6,5,92.95,7,21706
1,5,6,6,244.32,8,41753
1,5,6,7,92.99,5,6674
1,5,6,8,22.62,2,1522
1,5,6,9,3251.89,165,774028
1,5,7,1,2257.49,80,452280
1,5,7,2,284.44,7,45614
1,5,7,3,300.78,9,55124
1,5,7,4,946.25,19,68243
1,5,7,5,583.99,18,113925
1,5,7,6,1332.39,38,138432
1,5,7,7,541.88,13,93691
1,5,7,8,125.14,5,46879
1,5,7,9,17722.19,589,2700050
1,6,1,1,340.1,31,75947
1,6,1,2,38.25,3,5658
1,6,1,3,16.23,0,0
1,6,1,4,767.66,30,187167
1,6,1,5,134.82,31,164961
1,6,1,6,585.23,44,309679
1,6,1,7,80.16,7,8237
1,6,1,8,29.87,4,35088
1,6,1,9,6744.61,542,2708623
1,6,2,1,233.67,20,159609
1,6,2,2,33.6,2,5403
1,6,2,3,14.01,0,0
1,6,2,4,563.21,7,12459
1,6,2,5,84.85,10,55348
1,6,2,6,436.38,14,72563
1,6,2,7,63.25,3,63976
1,6,2,8,13.61,0,0
1,6,2,9,4721.76,227,970016
1,6,3,1,230.77,10,97153
1,6,3,2,37.88,1,789
1,6,3,3,14.41,0,0
1,6,3,4,386.7,10,57758
1,6,3,5,76.88,5,14166
1,6,3,6,294.37,15,106215
1,6,3,7,57.46,3,41564
1,6,3,8,12.76,0,0
1,6,3,9,3558.48,131,785697
1,6,4,1,186.52,12,81889
1,6,4,2,31.99,3,2985
1,6,4,3,15.77,0,0
1,6,4,4,283.49,6,73962
1,6,4,5,57.53,5,20515
1,6,4,6,219.19,5,14794
1,6,4,7,45.35,4,38560
1,6,4,8,24.46,2,3138
1,6,4,9,2708.07,99,517218
1,6,5,1,253.84,20,105565
1,6,5,2,47.01,2,5207
1,6,5,3,28.29,0,0
1,6,5,4,259.21,1,31442
1,6,5,5,72.82,1,1742
1,6,5,6,252.17,8,74154
1,6,5,7,64.53,3,8546
1,6,5,8,22.19,1,2198
1,6,5,9,2936.87,87,641508
1,6,6,1,560.62,17,107765
1,6,6,2,88.23,0,0
1,6,6,3,55.88,3,4731
1,6,6,4,274.15,3,10929
1,6,6,5,186,9,16980
1,6,6,6,424.38,12,62560
1,6,6,7,141.38,4,39806
1,6,6,8,60.89,3,4512
1,6,6,9,5248.1,187,1066083
1,6,7,1,4492.77,136,727249
1,6,7,2,606.55,16,114290
1,6,7,3,561.04,21,128950
1,6,7,4,1799.95,29,191942
1,6,7,5,1203.92,48,118462
1,6,7,6,2874.45,70,422565
1,6,7,7,914.58,27,208821
1,6,7,8,347.4,15,131927
1,6,7,9,34969.21,886,5181284
1,7,1,1,23.96,4,9848
1,7,1,2,4.05,0,0
1,7,1,4,92.39,5,4642
1,7,1,5,7.36,0,0
1,7,1,6,29.72,0,0
1,7,1,7,4.29,1,1504
1,7,1,8,1.04,0,0
1,7,1,9,560.17,38,108198
1,7,2,1,20.83,1,2772
1,7,2,2,3.41,0,0
1,7,2,3,0.23,0,0
1,7,2,4,48.63,1,1980
1,7,2,5,2.1,0,0
1,7,2,6,20.84,5,12647
1,7,2,7,2.22,0,0
1,7,2,8,0.47,0,0
1,7,2,9,413.54,19,45789
1,7,3,1,17.42,0,0
1,7,3,2,2.38,0,0
1,7,3,3,0.5,0,0
1,7,3,4,46.18,1,756
1,7,3,5,3.31,0,0
1,7,3,6,13.92,1,2199
1,7,3,7,3.7,0,0
1,7,3,8,0.3,0,0
1,7,3,9,285.04,7,15229
1,7,4,1,13.24,0,0
1,7,4,2,2.31,1,5000
1,7,4,3,0.8,0,0
1,7,4,4,27.66,0,0
1,7,4,5,4.74,0,0
1,7,4,6,11.37,0,0
1,7,4,7,2.64,0,0
1,7,4,9,225.35,5,9681
1,7,5,1,19.87,0,0
1,7,5,2,5.74,1,3900
1,7,5,3,1.69,0,0
1,7,5,4,29.05,1,2913
1,7,5,5,3.59,0,0
1,7,5,6,14.42,1,3174
1,7,5,7,2.42,0,0
1,7,5,8,0.9,0,0
1,7,5,9,278.75,13,31522
1,7,6,1,41.17,1,3325
1,7,6,2,7.55,2,7963
1,7,6,3,1.56,0,0
1,7,6,4,36.23,1,1327
1,7,6,5,9.82,0,0
1,7,6,6,21.9,0,0
1,7,6,7,6.58,0,0
1,7,6,8,0.1,0,0
1,7,6,9,456.61,15,103527
1,7,7,1,294.57,3,8171
1,7,7,2,50.12,1,1510
1,7,7,3,26.06,0,0
1,7,7,4,216.41,4,65435
1,7,7,5,60.68,0,0
1,7,7,6,208.35,5,74182
1,7,7,7,46.47,0,0
1,7,7,8,9.5,0,0
1,7,7,9,3315.16,77,340189
2,1,1,1,638.51,148,578831
2,1,1,2,94.77,29,137355
2,1,1,3,126.87,29,137680
2,1,1,4,398.58,55,162678
2,1,1,5,167.88,41,73435
2,1,1,6,354.26,48,166416
2,1,1,7,95.57,11,21295
2,1,1,8,25.93,5,2059
2,1,1,9,6792.88,1410,6556534
2,1,2,1,605.01,86,484085
2,1,2,2,96.42,12,93305
2,1,2,3,94.57,12,62554
2,1,2,4,319.2,20,43734
2,1,2,5,152.42,24,109785
2,1,2,6,349.2,27,92572
2,1,2,7,94.39,8,76099
2,1,2,8,16.52,3,39939
2,1,2,9,5941.02,722,3249461
2,1,3,1,599.51,78,450864
2,1,3,2,121.49,17,142141
2,1,3,3,91.96,13,93038
2,1,3,4,234.48,13,65170
2,1,3,5,134.82,19,111059
2,1,3,6,318.69,21,162284
2,1,3,7,88.04,11,30153
2,1,3,8,22.47,5,47551
2,1,3,9,5162.92,484,2522341
2,1,4,1,597.21,55,213704
2,1,4,2,129.44,7,47589
2,1,4,3,94.8,9,47251
2,1,4,4,182.93,12,59369
2,1,4,5,111.64,11,20942
2,1,4,6,263.94,9,44772
2,1,4,7,107.37,9,61695
2,1,4,8,23.1,3,40634
2,1,4,9,4712.87,407,1631427
2,1,5,1,779.53,55,232521
2,1,5,2,157.99,13,31952
2,1,5,3,137.19,6,50067
2,1,5,4,156.34,11,18221
2,1,5,5,149.71,15,32164
2,1,5,6,295.12,13,59509
2,1,5,7,132.79,8,55603
2,1,5,8,29.02,2,2802
2,1,5,9,5373.06,363,1597528
2,1,6,1,1557.98,107,435444
2,1,6,2,329.74,29,133272
2,1,6,3,320.71,13,150031
2,1,6,4,210.91,4,15193
2,1,6,5,336.02,30,194477
2,1,6,6,576.63,24,137963
2,1,6,7,269.81,9,87411
2,1,6,8,56.96,9,144950
2,1,6,9,9805.53,618,2918359
2,1,7,1,8009.92,390,1992027
2,1,7,2,1407.85,67,332194
2,1,7,3,1538.74,49,397236
2,1,7,4,806,31,209824
2,1,7,5,1380.85,83,398103
2,1,7,6,2848.53,111,493340
2,1,7,7,1496.62,74,282000
2,1,7,8,267.8,14,95457
2,1,7,9,44511.41,2127,10315455
2,2,1,1,679.46,113,582788
2,2,1,2,98.43,22,91135
2,2,1,3,60.48,11,90425
2,2,1,4,434.05,45,153794
2,2,1,5,211.77,34,255298
2,2,1,6,516.01,51,253258
2,2,1,7,118.76,16,69025
2,2,1,8,25.01,5,7797
2,2,1,9,7185.14,1157,5121951
2,2,2,1,638.08,83,350944
2,2,2,2,117.12,19,141774
2,2,2,3,52.69,11,58588
2,2,2,4,408.69,22,136288
2,2,2,5,168.09,33,150740
2,2,2,6,523.36,22,100822
2,2,2,7,141.28,15,57916
2,2,2,8,25.84,5,42167
2,2,2,9,6506.72,559,2457197
2,2,3,1,687.29,60,382872
2,2,3,2,111.63,11,55353
2,2,3,3,68.91,5,7480
2,2,3,4,294.06,14,88500
2,2,3,5,154.39,20,42607
2,2,3,6,446.83,25,116227
2,2,3,7,139.62,9,18627
2,2,3,8,28.91,2,4521
2,2,3,9,5783.55,453,1907609
2,2,4,1,661.35,50,257851
2,2,4,2,139.58,15,29492
2,2,4,3,67.99,3,4835
2,2,4,4,198.46,6,11144
2,2,4,5,151.85,10,18943
2,2,4,6,390.18,15,37755
2,2,4,7,120.11,9,55231
2,2,4,8,33.1,1,1878
2,2,4,9,5316.84,344,1682243
2,2,5,1,848.62,70,265184
2,2,5,2,204.12,19,116076
2,2,5,3,129.16,6,20054
2,2,5,4,149.52,7,40010
2,2,5,5,214.27,14,21497
2,2,5,6,431.35,18,89520
2,2,5,7,176.7,10,25944
2,2,5,8,50.75,3,10388
2,2,5,9,6273.26,344,1437097
2,2,6,1,1741.3,99,502889
2,2,6,2,358.55,22,108381
2,2,6,3,286.92,14,49960
2,2,6,4,192.9,7,11847
2,2,6,5,398.56,21,135284
2,2,6,6,710.28,32,75776
2,2,6,7,356.8,12,25779
2,2,6,8,103.3,9,27406
2,2,6,9,11001.9,622,3029300
2,2,7,1,9358.84,359,2466406
2,2,7,2,2021.95,107,520377
2,2,7,3,1795.27,53,328548
2,2,7,4,859.65,23,95241
2,2,7,5,1856.01,77,323882
2,2,7,6,3817.88,96,503384
2,2,7,7,2125.92,91,463818
2,2,7,8,407.26,10,89166
2,2,7,9,54421.4,2087,9950131
2,3,1,1,703.88,120,547349
2,3,1,2,88.45,10,20304
2,3,1,3,39.68,3,5422
2,3,1,4,461.44,33,121470
2,3,1,5,209.99,53,234736
2,3,1,6,633.85,52,241224
2,3,1,7,142,14,68256
2,3,1,8,23.45,2,8396
2,3,1,9,7304.73,1003,4387841
2,3,2,1,700.59,74,286946
2,3,2,2,96.84,7,20675
2,3,2,3,44.37,1,31442
2,3,2,4,422.88,17,14982
2,3,2,5,177.47,27,154791
2,3,2,6,669.34,42,114629
2,3,2,7,151.12,17,36169
2,3,2,8,27.39,1,31442
2,3,2,9,6988.9,556,2634269
2,3,3,1,724.49,49,189534
2,3,3,2,121.33,9,32584
2,3,3,3,55.59,0,0
2,3,3,4,275.9,7,40454
2,3,3,5,162.92,17,33909
2,3,3,6,576.1,21,55806
2,3,3,7,140.05,13,76834
2,3,3,8,36.78,0,0
2,3,3,9,6034.63,404,2107152
2,3,4,1,679.01,38,197187
2,3,4,2,119.96,13,62674
2,3,4,3,69.04,2,2597
2,3,4,4,173.48,11,46956
2,3,4,5,155.48,8,45486
2,3,4,6,468.53,19,75634
2,3,4,7,147.89,9,84248
2,3,4,8,41.4,4,35685
2,3,4,9,5496.81,323,1473149
2,3,5,1,946.01,50,199324
2,3,5,2,172.42,12,27067
2,3,5,3,104.52,4,34911
2,3,5,4,188.53,4,33175
2,3,5,5,209.61,9,81779
2,3,5,6,515.69,17,77953
2,3,5,7,189.16,10,21942
2,3,5,8,55.8,6,23456
2,3,5,9,6442.14,324,1506141
2,3,6,1,1702.76,86,491502
2,3,6,2,332.17,10,21654
2,3,6,3,306.21,11,72861
2,3,6,4,193.65,6,11444
2,3,6,5,452.37,30,201310
2,3,6,6,834.26,38,182641
2,3,6,7,367,17,76297
2,3,6,8,126.83,8,27834
2,3,6,9,10730.07,492,2038707
2,3,7,1,10469.92,325,1401833
2,3,7,2,2071.24,68,353788
2,3,7,3,2180.19,59,324185
2,3,7,4,917.17,19,73569
2,3,7,5,2435.19,86,468488
2,3,7,6,4857.97,121,605098
2,3,7,7,2416.4,83,349608
2,3,7,8,704.42,22,134382
2,3,7,9,60140.2,2044,10518198
2,4,1,1,1493.99,226,1107859
2,4,1,2,131.48,14,103393
2,4,1,3,88.79,8,112948
2,4,1,4,774.1,39,121494
2,4,1,5,372.41,66,369471
2,4,1,6,1295.44,109,492597
2,4,1,7,240.77,23,51380
2,4,1,8,44.59,8,20312
2,4,1,9,13502.14,1442,7243260
2,4,2,1,1402.82,119,614064
2,4,2,2,157.16,13,37643
2,4,2,3,87.93,4,16203
2,4,2,4,727.28,35,212362
2,4,2,5,317.39,38,204612
2,4,2,6,1299.16,65,566535
2,4,2,7,250.94,18,128549
2,4,2,8,52.96,5,35588
2,4,2,9,12692.5,849,4327298
2,4,3,1,1388.66,99,691234
2,4,3,2,177.33,5,45982
2,4,3,3,107.04,4,14953
2,4,3,4,497.4,15,38416
2,4,3,5,280.1,23,235331
2,4,3,6,1084.19,46,166621
2,4,3,7,246.24,10,35221
2,4,3,8,61.36,6,83511
2,4,3,9,10957.97,580,3353774
2,4,4,1,1335.57,82,358249
2,4,4,2,229.51,8,18246
2,4,4,3,126.18,2,1916
2,4,4,4,364.11,11,34707
2,4,4,5,318.83,12,40334
2,4,4,6,873.94,33,170727
2,4,4,7,241.3,12,86801
2,4,4,8,76.9,4,19358
2,4,4,9,9689.88,445,2107274
2,4,5,1,1685.23,82,547932
2,4,5,2,323.48,15,38665
2,4,5,3,223.59,5,16820
2,4,5,4,349.22,3,6779
2,4,5,5,390.21,15,161309
2,4,5,6,986.77,31,230920
2,4,5,7,329.99,8,51133
2,4,5,8,115.65,5,25988
2,4,5,9,10932.73,441,2172831
2,4,6,1,3057.73,116,579356
2,4,6,2,665.09,29,142262
2,4,6,3,570.12,18,110476
2,4,6,4,347.66,10,62709
2,4,6,5,722.62,37,134350
2,4,6,6,1508.43,41,206813
2,4,6,7,656.37,17,45923
2,4,6,8,259.31,13,74790
2,4,6,9,19012.21,728,3816718
2,4,7,1,21848.06,605,3502535
2,4,7,2,4430.43,153,836130
2,4,7,3,4695.14,91,528367
2,4,7,4,1818.17,33,101358
2,4,7,5,4808.39,127,850044
2,4,7,6,10510.83,242,1174270
2,4,7,7,4635.35,135,697806
2,4,7,8,1853.07,49,319803
2,4,7,9,121293.07,3338,18245026
2,5,1,1,217.27,47,161646
2,5,1,2,24.81,1,4656
2,5,1,3,14.58,1,2810
2,5,1,4,96.11,4,43315
2,5,1,5,58.14,13,32595
2,5,1,6,182.69,15,61055
2,5,1,7,40.3,5,35437
2,5,1,8,5.82,2,6656
2,5,1,9,1933.36,250,1001018
2,5,2,1,211.17,20,113635
2,5,2,2,27.01,5,39053
2,5,2,3,11.46,0,0
2,5,2,4,89.19,4,23893
2,5,2,5,58.24,10,24691
2,5,2,6,208.24,12,29123
2,5,2,7,56.58,2,1758
2,5,2,8,8.09,1,4834
2,5,2,9,1976.19,176,1044585
2,5,3,1,231.22,23,64911
2,5,3,2,32.05,1,2536
2,5,3,3,14.51,2,1453
2,5,3,4,56.66,3,5473
2,5,3,5,48.09,7,8258
2,5,3,6,175.31,7,16559
2,5,3,7,46.96,4,7541
2,5,3,8,12.26,0,0
2,5,3,9,1710.73,101,352227
2,5,4,1,229.87,16,70312
2,5,4,2,30.72,1,963
2,5,4,3,17.05,1,2320
2,5,4,4,35.98,1,2762
2,5,4,5,51.82,4,37247
2,5,4,6,151.72,7,16448
2,5,4,7,50.32,5,17564
2,5,4,8,11.86,2,36323
2,5,4,9,1513.6,94,391430
2,5,5,1,290.33,17,99863
2,5,5,2,56.82,2,9871
2,5,5,3,32.05,0,0
2,5,5,4,41.54,0,0
2,5,5,5,77.17,5,49022
2,5,5,6,167.47,7,20196
2,5,5,7,81.9,6,72912
2,5,5,8,28.4,2,8215
2,5,5,9,1872.74,116,725258
2,5,6,1,608.43,29,81371
2,5,6,2,128.85,8,16730
2,5,6,3,96.56,3,13046
2,5,6,4,43.29,1,390
2,5,6,5,149.8,7,12686
2,5,6,6,265.29,11,45599
2,5,6,7,135.47,16,41245
2,5,6,8,55.22,6,70624
2,5,6,9,3457.83,162,764745
2,5,7,1,3359.9,122,604369
2,5,7,2,606.13,27,142803
2,5,7,3,610.72,16,109950
2,5,7,4,207.66,6,36294
2,5,7,5,728.55,34,120719
2,5,7,6,1353.85,50,293518
2,5,7,7,736.44,18,47691
2,5,7,8,257.73,7,51190
2,5,7,9,16948.62,616,3131530
2,6,1,1,572.91,85,404731
2,6,1,2,44.41,2,2524
2,6,1,3,23.13,1,5192
2,6,1,4,197.5,8,46327
2,6,1,5,138.07,19,118047
2,6,1,6,444.98,50,355284
2,6,1,7,84.17,14,66584
2,6,1,8,30.55,3,5871
2,6,1,9,4295.2,484,2540690
2,6,2,1,503.2,51,272422
2,6,2,2,54.76,3,7805
2,6,2,3,20.94,0,0
2,6,2,4,155.64,8,54065
2,6,2,5,121.24,14,77633
2,6,2,6,455.65,33,155704
2,6,2,7,86.44,4,7725
2,6,2,8,35.3,3,44018
2,6,2,9,3990.8,284,1423093
2,6,3,1,507.75,35,169303
2,6,3,2,55.57,1,8610
2,6,3,3,22.76,0,0
2,6,3,4,106.79,3,6486
2,6,3,5,104.27,7,18043
2,6,3,6,372.07,10,53188
2,6,3,7,76.26,3,4736
2,6,3,8,35.48,2,2289
2,6,3,9,3470.02,224,1013321
2,6,4,1,455,23,67152
2,6,4,2,70.27,3,6864
2,6,4,3,28.52,0,0
2,6,4,4,92.99,2,32158
2,6,4,5,89.64,3,4864
2,6,4,6,285.72,10,49974
2,6,4,7,90.15,5,54362
2,6,4,8,42.98,3,6623
2,6,4,9,2926.5,138,597450
2,6,5,1,518.47,21,118651
2,6,5,2,96.83,4,9580
2,6,5,3,58.16,1,3521
2,6,5,4,77.26,0,0
2,6,5,5,122.15,12,40820
2,6,5,6,301.84,9,81184
2,6,5,7,100.55,5,11208
2,6,5,8,66.47,4,39787
2,6,5,9,3279.28,146,756142
2,6,6,1,992.33,44,278171
2,6,6,2,209.98,6,71372
2,6,6,3,165.79,4,55283
2,6,6,4,80.16,4,10539
2,6,6,5,247.97,11,86405
2,6,6,6,546.95,24,80714
2,6,6,7,199.47,4,9307
2,6,6,8,137.44,5,40319
2,6,6,9,5716.97,211,1097124
2,6,7,1,6871.94,219,1148035
2,6,7,2,1358.02,47,177092
2,6,7,3,1305.97,25,142010
2,6,7,4,417.82,9,19434
2,6,7,5,1507.58,51,233769
2,6,7,6,3172.45,55,321914
2,6,7,7,1369.78,54,391112
2,6,7,8,792.12,24,127778
2,6,7,9,35319.16,1037,5765190
2,7,1,1,36.94,6,15613
2,7,1,2,3.06,0,0
2,7,1,3,2.02,0,0
2,7,1,4,28.33,1,3005
2,7,1,5,9.02,0,0
2,7,1,6,20.84,4,5072
2,7,1,7,4.48,0,0
2,7,1,8,1.68,0,0
2,7,1,9,342.29,26,157981
2,7,2,1,33.57,3,6068
2,7,2,2,9.92,0,0
2,7,2,3,1.3,0,0
2,7,2,4,22.69,1,1410
2,7,2,5,10.46,2,33342
2,7,2,6,24.96,1,4059
2,7,2,7,5.1,0,0
2,7,2,8,3.26,0,0
2,7,2,9,349.42,15,145126
2,7,3,1,35.15,1,2200
2,7,3,2,8.06,0,0
2,7,3,3,1.96,0,0
2,7,3,4,18.8,1,1588
2,7,3,5,5.05,0,0
2,7,3,6,18.54,1,31442
2,7,3,7,8.4,1,2800
2,7,3,8,0.35,0,0
2,7,3,9,292.05,13,23491
2,7,4,1,27.49,1,1329
2,7,4,2,4.95,0,0
2,7,4,3,2.11,0,0
2,7,4,4,8.96,0,0
2,7,4,5,6.14,1,1916
2,7,4,6,17.98,0,0
2,7,4,7,2.68,0,0
2,7,4,8,1.64,0,0
2,7,4,9,258.15,5,15880
2,7,5,1,38.56,3,12590
2,7,5,2,10.75,0,0
2,7,5,3,3.11,0,0
2,7,5,4,8.92,0,0
2,7,5,5,4.96,0,0
2,7,5,6,17.21,0,0
2,7,5,7,6.31,0,0
2,7,5,8,2.5,0,0
2,7,5,9,267.12,8,11642
2,7,6,1,63.98,2,6574
2,7,6,2,16.87,4,7333
2,7,6,3,6.9,0,0
2,7,6,4,8.68,0,0
2,7,6,5,11.99,0,0
2,7,6,6,24.08,0,0
2,7,6,7,13.38,0,0
2,7,6,8,6.54,0,0
2,7,6,9,453.04,9,81464
2,7,7,1,420.95,7,16802
2,7,7,2,126.12,1,6020
2,7,7,3,39.14,1,1012
2,7,7,4,59.08,1,3580
2,7,7,5,81.78,3,3065
2,7,7,6,193.89,3,32827
2,7,7,7,71.27,1,603
2,7,7,8,31.36,1,1021
2,7,7,9,2873.7,69,381570
3,1,1,1,213.38,53,244561
3,1,1,2,76.97,26,187544
3,1,1,3,60.42,8,18624
3,1,1,4,60.89,10,81052
3,1,1,5,53.3,10,52745
3,1,1,6,104.58,13,168471
3,1,1,7,24.92,4,5100
3,1,1,8,12.91,3,42372
3,1,1,9,2375.34,456,1911772
3,1,2,1,276.13,28,106668
3,1,2,2,73.41,14,30232
3,1,2,3,69.26,14,61941
3,1,2,4,73.29,5,66851
3,1,2,5,52.25,7,57304
3,1,2,6,139.64,9,59193
3,1,2,7,42.93,3,5646
3,1,2,8,13.03,0,0
3,1,2,9,2472.22,297,1413344
3,1,3,1,299.1,36,196119
3,1,3,2,87.6,11,55966
3,1,3,3,67.91,6,13026
3,1,3,4,65.39,2,2186
3,1,3,5,60.44,8,23091
3,1,3,6,135.85,6,74018
3,1,3,7,48.67,2,3044
3,1,3,8,16.35,3,12589
3,1,3,9,2411.79,256,1266725
3,1,4,1,336.16,29,98220
3,1,4,2,119.03,9,61145
3,1,4,3,75.71,3,16285
3,1,4,4,44.78,0,0
3,1,4,5,69.52,11,67180
3,1,4,6,115.91,10,25912
3,1,4,7,59.11,2,3783
3,1,4,8,18.65,0,0
3,1,4,9,2419.59,209,905418
3,1,5,1,480.43,41,129476
3,1,5,2,164.22,16,133759
3,1,5,3,123.44,7,48811
3,1,5,4,50.82,2,4868
3,1,5,5,102.56,3,13127
3,1,5,6,159.79,15,44864
3,1,5,7,73.37,9,56128
3,1,5,8,32.92,2,1512
3,1,5,9,3214.83,274,1088795
3,1,6,1,1110.72,84,399470
3,1,6,2,327.3,32,100742
3,1,6,3,300.23,47,234344
3,1,6,4,52.79,2,6842
3,1,6,5,209.45,23,67428
3,1,6,6,303.79,20,70487
3,1,6,7,184.93,16,90830
3,1,6,8,62.38,2,62884
3,1,6,9,6151.48,625,3050824
3,1,7,1,4918.02,236,1326307
3,1,7,2,1398.19,72,342421
3,1,7,3,2349.67,45,142660
3,1,7,4,252.36,15,25307
3,1,7,5,881.09,52,195295
3,1,7,6,1520.51,58,307753
3,1,7,7,867.16,45,110181
3,1,7,8,306,7,68657
3,1,7,9,26905.35,1481,6783057
3,2,1,1,230.25,30,169977
3,2,1,2,52.01,6,49480
3,2,1,3,42.02,6,19600
3,2,1,4,72.26,10,15713
3,2,1,5,63.55,10,45597
3,2,1,6,140.48,10,24925
3,2,1,7,41.12,7,29069
3,2,1,8,15.44,4,19159
3,2,1,9,2136.64,283,1188075
3,2,2,1,304.17,33,230024
3,2,2,2,74.05,9,25481
3,2,2,3,44.9,3,7212
3,2,2,4,74.01,1,700
3,2,2,5,71.95,7,12796
3,2,2,6,201.2,13,30337
3,2,2,7,49.51,4,35898
3,2,2,8,11.53,1,5716
3,2,2,9,2535.1,241,1050750
3,2,3,1,346.82,28,127469
3,2,3,2,74.87,13,71451
3,2,3,3,49.48,6,18584
3,2,3,4,67.62,4,11510
3,2,3,5,75.8,11,59922
3,2,3,6,211.42,12,52349
3,2,3,7,58.59,6,19142
3,2,3,8,21.15,1,309
3,2,3,9,2607.48,222,986926
3,2,4,1,398.7,30,121008
3,2,4,2,115.52,13,31036
3,2,4,3,61.44,5,15124
3,2,4,4,46.99,2,4809
3,2,4,5,81.79,9,79729
3,2,4,6,178.98,16,57389
3,2,4,7,73.74,4,13266
3,2,4,8,21.73,2,6506
3,2,4,9,2804.47,185,983263
3,2,5,1,577.94,44,164565
3,2,5,2,186.56,17,37312
3,2,5,3,99.25,5,70395
3,2,5,4,37.92,2,3340
3,2,5,5,114.6,12,36371
3,2,5,6,231.48,8,12793
3,2,5,7,112.71,3,7993
3,2,5,8,49.52,1,7647
3,2,5,9,3785.59,255,1135808
3,2,6,1,1204.54,64,297189
3,2,6,2,348.05,20,87441
3,2,6,3,318.67,21,132964
3,2,6,4,59.64,2,2113
3,2,6,5,233.04,14,55184
3,2,6,6,401.81,21,79575
3,2,6,7,229.04,16,63658
3,2,6,8,113.66,5,69056
3,2,6,9,7232.56,477,2168736
3,2,7,1,6206.24,291,1529817
3,2,7,2,1778.53,97,442424
3,2,7,3,1574.59,60,408143
3,2,7,4,257.82,12,34524
3,2,7,5,1214.18,67,253711
3,2,7,6,1992.86,65,250177
3,2,7,7,1295.2,52,296108
3,2,7,8,502.83,27,92809
3,2,7,9,33844.51,1504,7698320
3,3,1,1,252.96,35,165902
3,3,1,2,55.7,6,15001
3,3,1,3,42.39,5,19085
3,3,1,4,61.57,7,47058
3,3,1,5,76.42,18,103398
3,3,1,6,171.47,18,101601
3,3,1,7,37.76,5,7103
3,3,1,8,14.17,1,31442
3,3,1,9,2164.34,294,1266124
3,3,2,1,354.49,43,270211
3,3,2,2,56.21,7,45695
3,3,2,3,33.16,1,6939
3,3,2,4,72.74,5,12904
3,3,2,5,88.73,11,26769
3,3,2,6,257.15,19,67830
3,3,2,7,55.78,6,21727
3,3,2,8,26.57,2,7009
3,3,2,9,2691.01,234,1261608
3,3,3,1,388.74,25,131184
3,3,3,2,71.36,7,44201
3,3,3,3,38.48,1,4375
3,3,3,4,71.03,2,5964
3,3,3,5,86.96,11,42621
3,3,3,6,250.19,20,173266
3,3,3,7,75,6,39333
3,3,3,8,34.92,5,22418
3,3,3,9,2786.03,190,858717
3,3,4,1,449.5,29,195168
3,3,4,2,106.66,7,51072
3,3,4,3,50.85,3,34954
3,3,4,4,49.51,2,11339
3,3,4,5,93.52,3,4737
3,3,4,6,229.73,14,69250
3,3,4,7,93.86,6,23703
3,3,4,8,35.25,2,33142
3,3,4,9,2823.71,174,804353
3,3,5,1,623.39,41,164990
3,3,5,2,165.36,8,49197
3,3,5,3,107.24,6,9345
3,3,5,4,53.95,2,4256
3,3,5,5,115.89,13,33965
3,3,5,6,289.39,14,64812
3,3,5,7,130.94,9,58316
3,3,5,8,68.28,3,5923
3,3,5,9,3795.31,233,1102967
3,3,6,1,1211.8,55,204035
3,3,6,2,331.56,27,160170
3,3,6,3,244.41,21,112398
3,3,6,4,69.85,4,7558
3,3,6,5,285.97,13,72538
3,3,6,6,501.96,17,79132
3,3,6,7,260.81,16,66095
3,3,6,8,140.81,11,99429
3,3,6,9,6982.23,418,2296256
3,3,7,1,6637.23,243,1109910
3,3,7,2,1681.52,71,377529
3,3,7,3,1688.25,47,211505
3,3,7,4,319.83,6,49844
3,3,7,5,1402.18,55,204355
3,3,7,6,2650.35,76,436313
3,3,7,7,1414.4,56,314402
3,3,7,8,821.8,32,244466
3,3,7,9,36595.09,1462,7765626
3,4,1,1,559.52,82,333333
3,4,1,2,79.18,9,83389
3,4,1,3,52.97,5,10472
3,4,1,4,139.86,4,13468
3,4,1,5,125.06,21,139195
3,4,1,6,395.86,34,101041
3,4,1,7,65.27,4,13716
3,4,1,8,25.95,3,14203
3,4,1,9,4174.3,477,2028574
3,4,2,1,759.38,75,461748
3,4,2,2,95.99,9,12058
3,4,2,3,61.91,2,10300
3,4,2,4,162.43,7,38966
3,4,2,5,171.4,17,79870
3,4,2,6,581.13,31,233888
3,4,2,7,141.7,11,85892
3,4,2,8,33.05,3,13031
3,4,2,9,5179.78,407,2133862
3,4,3,1,882.28,67,325944
3,4,3,2,140.89,6,22634
3,4,3,3,80.68,1,3416
3,4,3,4,120.58,3,70053
3,4,3,5,168.89,12,23087
3,4,3,6,566.4,24,143467
3,4,3,7,141.85,13,34102
3,4,3,8,59.83,5,41928
3,4,3,9,5273.39,323,1769366
3,4,4,1,930.38,53,294693
3,4,4,2,186.23,13,91535
3,4,4,3,103.32,2,12215
3,4,4,4,95.19,3,36777
3,4,4,5,202.06,16,71636
3,4,4,6,507.25,21,47506
3,4,4,7,153.52,9,81848
3,4,4,8,80.05,2,7466
3,4,4,9,5361.38,290,1551046
3,4,5,1,1240.15,72,441578
3,4,5,2,271.62,16,87667
3,4,5,3,229.54,14,83355
3,4,5,4,95.75,2,8741
3,4,5,5,262.73,18,44435
3,4,5,6,575.18,17,65613
3,4,5,7,240.02,14,28430
3,4,5,8,132.37,2,7701
3,4,5,9,7316.31,332,2030248
3,4,6,1,2278.6,101,444371
3,4,6,2,587.8,31,122651
3,4,6,3,504.36,14,103196
3,4,6,4,124.82,2,31519
3,4,6,5,520.21,26,116043
3,4,6,6,969.68,40,193661
3,4,6,7,483.93,22,64380
3,4,6,8,317.12,15,150041
3,4,6,9,13375.57,616,3207923
3,4,7,1,14598.67,444,2526990
3,4,7,2,3769.94,118,775364
3,4,7,3,3657.95,104,731869
3,4,7,4,639.63,8,13695
3,4,7,5,3018.7,95,485071
3,4,7,6,6256.55,150,730785
3,4,7,7,2890.19,115,676893
3,4,7,8,2160,55,380519
3,4,7,9,79614.96,2548,13203616
3,5,1,1,66.18,11,86991
3,5,1,2,12.2,2,4206
3,5,1,3,10.46,0,0
3,5,1,4,12.55,1,31442
3,5,1,5,16.22,1,617
3,5,1,6,45.16,1,1606
3,5,1,7,10.26,4,8787
3,5,1,8,8.14,0,0
3,5,1,9,582.17,82,288772
3,5,2,1,95.88,4,40620
3,5,2,2,14.67,1,1234
3,5,2,3,9.1,0,0
3,5,2,4,14.04,0,0
3,5,2,5,23.38,5,10834
3,5,2,6,64.73,6,80041
3,5,2,7,15.78,0,0
3,5,2,8,7.15,0,0
3,5,2,9,682.07,66,251890
3,5,3,1,106.06,9,52060
3,5,3,2,25.79,3,5523
3,5,3,3,12.55,1,901
3,5,3,4,12.61,1,2693
3,5,3,5,28.41,1,1300
3,5,3,6,69.25,4,10121
3,5,3,7,24.06,0,0
3,5,3,8,7.05,0,0
3,5,3,9,696.56,44,270042
3,5,4,1,122.77,6,40268
3,5,4,2,28.66,1,1100
3,5,4,3,18.5,1,1855
3,5,4,4,10,0,0
3,5,4,5,29.15,0,0
3,5,4,6,71.37,4,11034
3,5,4,7,22.78,1,3056
3,5,4,8,10.62,2,32355
3,5,4,9,741.23,44,249540
3,5,5,1,186.4,6,97634
3,5,5,2,39.3,2,32030
3,5,5,3,31.63,2,6342
3,5,5,4,5.84,0,0
3,5,5,5,33.94,5,13825
3,5,5,6,88.3,2,32833
3,5,5,7,36.43,4,3897
3,5,5,8,29.33,1,31442
3,5,5,9,1017.94,56,268945
3,5,6,1,359.83,15,218411
3,5,6,2,79.26,10,50649
3,5,6,3,73.62,5,8906
3,5,6,4,13.33,0,0
3,5,6,5,83.2,6,49166
3,5,6,6,138.19,4,18433
3,5,6,7,79.55,3,12478
3,5,6,8,54.94,2,4486
3,5,6,9,1941.76,89,319443
3,5,7,1,1855.3,65,358790
3,5,7,2,457.25,25,217118
3,5,7,3,442.87,16,74000
3,5,7,4,61.12,2,3887
3,5,7,5,367.21,21,109371
3,5,7,6,633.37,19,145079
3,5,7,7,386.49,14,41905
3,5,7,8,252.47,13,92133
3,5,7,9,9545.23,396,1983959
3,6,1,1,187.75,35,171592
3,6,1,2,24.04,4,15092
3,6,1,3,13.61,2,32158
3,6,1,4,33.47,1,4487
3,6,1,5,41.84,8,13586
3,6,1,6,136.14,19,42561
3,6,1,7,30.6,1,556
3,6,1,8,15.77,4,4684
3,6,1,9,1238.84,140,720084
3,6,2,1,259.57,30,142441
3,6,2,2,29.78,1,2640
3,6,2,3,16.41,0,0
3,6,2,4,37.07,1,9869
3,6,2,5,58.8,4,11865
3,6,2,6,209.75,8,80833
3,6,2,7,48.04,6,17574
3,6,2,8,26.94,2,9713
3,6,2,9,1626.78,125,470051
3,6,3,1,299.91,19,169849
3,6,3,2,28.45,0,0
3,6,3,3,22.83,0,0
3,6,3,4,30.88,0,0
3,6,3,5,54.01,4,4943
3,6,3,6,181.06,11,42891
3,6,3,7,46.17,0,0
3,6,3,8,38.09,3,3450
3,6,3,9,1632.96,92,403488
3,6,4,1,300.59,17,117401
3,6,4,2,44.31,5,12173
3,6,4,3,28,0,0
3,6,4,4,19.33,0,0
3,6,4,5,53.55,3,5949
3,6,4,6,163.02,7,25358
3,6,4,7,58.78,5,43236
3,6,4,8,46.23,2,1803
3,6,4,9,1577.85,80,447128
3,6,5,1,385.54,16,110578
3,6,5,2,84.29,6,13624
3,6,5,3,64.25,1,1518
3,6,5,4,23.74,0,0
3,6,5,5,78.56,6,20737
3,6,5,6,198.91,7,20881
3,6,5,7,68.71,2,9151
3,6,5,8,61.13,3,18101
3,6,5,9,2017.86,112,644496
3,6,6,1,772.69,32,120917
3,6,6,2,188.97,11,69871
3,6,6,3,141.34,4,49093
3,6,6,4,35.49,0,0
3,6,6,5,160.82,7,53193
3,6,6,6,328.78,17,79488
3,6,6,7,136.87,11,36441
3,6,6,8,155.63,4,35412
3,6,6,9,3855.71,164,981465
3,6,7,1,4739.07,156,1031429
3,6,7,2,1134.37,45,235652
3,6,7,3,1078.25,32,168555
3,6,7,4,151.43,2,5982
3,6,7,5,971.01,35,95823
3,6,7,6,1928.14,45,368238
3,6,7,7,889.08,27,89649
3,6,7,8,900.56,35,228604
3,6,7,9,22985.48,799,4265828
3,7,1,1,3.39,1,303
3,7,1,2,2.34,0,0
3,7,1,3,0.8,0,0
3,7,1,4,2.49,0,0
3,7,1,5,1.34,1,906
3,7,1,6,8.71,0,0
3,7,1,7,1.63,0,0
3,7,1,8,0.15,0,0
3,7,1,9,78.57,6,66711
3,7,2,1,19.19,0,0
3,7,2,2,3.27,0,0
3,7,2,3,0.38,0,0
3,7,2,4,5.71,1,31442
3,7,2,5,4.12,1,31442
3,7,2,6,10.07,0,0
3,7,2,7,3.24,0,0
3,7,2,8,1.28,0,0
3,7,2,9,111.66,10,33310
3,7,3,1,15.14,1,1441
3,7,3,2,4.09,0,0
3,7,3,3,0.9,0,0
3,7,3,4,1.06,0,0
3,7,3,5,2.02,0,0
3,7,3,6,6.7,0,0
3,7,3,7,1,0,0
3,7,3,8,0.76,0,0
3,7,3,9,105.76,8,14449
3,7,4,1,14.41,0,0
3,7,4,2,1.92,1,794
3,7,4,3,0.96,0,0
3,7,4,4,1.16,0,0
3,7,4,5,3.85,0,0
3,7,4,6,5.92,0,0
3,7,4,7,1.9,3,11762
3,7,4,8,2.21,0,0
3,7,4,9,110.85,5,41333
3,7,5,1,14.35,0,0
3,7,5,2,4.57,0,0
3,7,5,3,3.34,0,0
3,7,5,4,3.56,0,0
3,7,5,5,7.44,0,0
3,7,5,6,13.81,0,0
3,7,5,7,4.92,0,0
3,7,5,8,1.16,0,0
3,7,5,9,146.21,7,49986
3,7,6,1,31.22,2,4738
3,7,6,2,14.4,0,0
3,7,6,3,4.81,0,0
3,7,6,4,6.03,0,0
3,7,6,5,4.25,2,2063
3,7,6,6,13.08,1,1769
3,7,6,7,10.27,0,0
3,7,6,8,6.33,0,0
3,7,6,9,292.33,10,22382
3,7,7,1,288.36,12,41206
3,7,7,2,84.68,1,1200
3,7,7,3,29.99,1,31442
3,7,7,4,19.07,1,3608
3,7,7,5,37.96,1,1455
3,7,7,6,113.33,2,7618
3,7,7,7,40.84,2,34979
3,7,7,8,34.87,0,0
3,7,7,9,1720.36,57,226934
4,1,1,1,49.31,11,23218
4,1,1,2,22.93,6,14940
4,1,1,3,34.01,9,101091
4,1,1,4,6.08,0,0
4,1,1,5,17.77,4,4164
4,1,1,6,18.59,1,3044
4,1,1,7,3.89,0,0
4,1,1,8,4.31,1,400
4,1,1,9,601.75,103,381138
4,1,2,1,77.53,6,16812
4,1,2,2,29.09,5,9656
4,1,2,3,36.39,6,10543
4,1,2,4,11.32,1,8231
4,1,2,5,18.74,3,4571
4,1,2,6,32.02,3,38542
4,1,2,7,13.62,1,954
4,1,2,8,3.73,0,0
4,1,2,9,735.71,86,391512
4,1,3,1,85.77,4,14451
4,1,3,2,36.08,2,3784
4,1,3,3,34.31,6,8274
4,1,3,4,12.01,1,917
4,1,3,5,19.1,4,14439
4,1,3,6,32.8,4,12608
4,1,3,7,18.59,1,900
4,1,3,8,8.54,3,4956
4,1,3,9,729.62,88,599538
4,1,4,1,105.73,15,90111
4,1,4,2,35.14,6,38663
4,1,4,3,53.38,1,3000
4,1,4,4,6.89,1,4686
4,1,4,5,18.19,3,3372
4,1,4,6,34.63,2,3178
4,1,4,7,16.77,0,0
4,1,4,8,11.75,0,0
4,1,4,9,766.14,71,430373
4,1,5,1,166.1,7,40729
4,1,5,2,66.54,5,43356
4,1,5,3,48.99,7,17562
4,1,5,4,10.91,1,993
4,1,5,5,32.5,5,47591
4,1,5,6,53.9,4,15205
4,1,5,7,17.88,2,8643
4,1,5,8,17.04,2,3314
4,1,5,9,1064.66,96,403899
4,1,6,1,344.68,32,184118
4,1,6,2,125.36,15,34894
4,1,6,3,130.03,11,66353
4,1,6,4,15,0,0
4,1,6,5,73.29,10,122551
4,1,6,6,95.16,4,9655
4,1,6,7,51.85,3,33098
4,1,6,8,35.32,5,12104
4,1,6,9,2154.39,173,702215
4,1,7,1,1528.57,87,483084
4,1,7,2,567.56,35,209646
4,1,7,3,563.23,34,107767
4,1,7,4,65.95,3,12950
4,1,7,5,278.46,24,93032
4,1,7,6,395.47,10,27088
4,1,7,7,230.9,5,22495
4,1,7,8,163.53,8,27401
4,1,7,9,8738.13,520,2437429
4,2,1,1,52.42,9,50023
4,2,1,2,18.13,3,33786
4,2,1,3,13.45,0,0
4,2,1,4,7.31,2,6906
4,2,1,5,17.93,7,18501
4,2,1,6,35.36,2,5317
4,2,1,7,10.18,2,1329
4,2,1,8,3.66,2,3465
4,2,1,9,510.14,83,357640
4,2,2,1,73.64,7,45054
4,2,2,2,25.83,4,12796
4,2,2,3,17.27,1,148
4,2,2,4,14.44,0,0
4,2,2,5,23.46,2,6103
4,2,2,6,58.09,5,36882
4,2,2,7,20.45,2,4383
4,2,2,8,6.65,0,0
4,2,2,9,720.52,98,456585
4,2,3,1,126.64,11,28994
4,2,3,2,35.86,4,8066
4,2,3,3,21.01,2,10160
4,2,3,4,16.24,0,0
4,2,3,5,19.53,1,6861
4,2,3,6,56.42,3,7874
4,2,3,7,26.02,3,10624
4,2,3,8,10.09,2,6237
4,2,3,9,855.76,62,303872
4,2,4,1,138.08,16,134301
4,2,4,2,41.49,3,7068
4,2,4,3,34.65,3,38011
4,2,4,4,12.24,0,0
4,2,4,5,24.21,6,25737
4,2,4,6,54.79,2,2560
4,2,4,7,34.39,2,34833
4,2,4,8,12.31,0,0
4,2,4,9,903.99,70,360223
4,2,5,1,199.99,14,66020
4,2,5,2,67.63,8,23998
4,2,5,3,44.13,1,2288
4,2,5,4,12.04,0,0
4,2,5,5,37.01,2,5688
4,2,5,6,67.39,4,5756
4,2,5,7,38.42,3,4812
4,2,5,8,20.27,4,36477
4,2,5,9,1305.83,99,321088
4,2,6,1,452.94,31,97902
4,2,6,2,166.21,17,158030
4,2,6,3,127.04,10,66279
4,2,6,4,16.52,1,1800
4,2,6,5,91.55,8,9753
4,2,6,6,135.02,3,8171
4,2,6,7,83.37,7,14223
4,2,6,8,65.8,1,4332
4,2,6,9,2702.27,157,912421
4,2,7,1,2110.59,107,595146
4,2,7,2,708.77,43,155553
4,2,7,3,717.74,28,222823
4,2,7,4,55.84,2,5417
4,2,7,5,403.75,21,52327
4,2,7,6,630.8,30,78258
4,2,7,7,410.91,26,73043
4,2,7,8,328.26,5,14963
4,2,7,9,12169.67,598,3223609
4,3,1,1,70.13,12,55595
4,3,1,2,17.58,1,8064
4,3,1,3,23.46,2,6214
4,3,1,4,11.23,1,8670
4,3,1,5,13.24,3,2138
4,3,1,6,47.61,5,12105
4,3,1,7,11.87,0,0
4,3,1,8,5.77,0,0
4,3,1,9,499.28,52,237894
4,3,2,1,112.86,11,25656
4,3,2,2,26.77,1,3915
4,3,2,3,25.69,7,41229
4,3,2,4,11.26,1,3468
4,3,2,5,23.55,3,2732
4,3,2,6,78.7,6,18099
4,3,2,7,19.31,4,8908
4,3,2,8,7.38,1,31442
4,3,2,9,784.88,74,291386
4,3,3,1,132.22,11,112977
4,3,3,2,32.33,2,5747
4,3,3,3,23.84,1,31442
4,3,3,4,12.19,1,2400
4,3,3,5,31.33,1,939
4,3,3,6,92.3,6,47618
4,3,3,7,18.55,3,10335
4,3,3,8,7.26,0,0
4,3,3,9,881.54,46,198404
4,3,4,1,181.06,9,45410
4,3,4,2,46.47,0,0
4,3,4,3,29.81,0,0
4,3,4,4,9.02,0,0
4,3,4,5,31.21,6,44195
4,3,4,6,89.92,3,10382
4,3,4,7,31.18,2,3523
4,3,4,8,17.15,3,10519
4,3,4,9,958.53,73,380081
4,3,5,1,232.21,9,86821
4,3,5,2,55.68,0,0
4,3,5,3,48.14,2,34624
4,3,5,4,12.63,0,0
4,3,5,5,52.17,2,3952
4,3,5,6,107.44,6,46145
4,3,5,7,40.18,5,11704
4,3,5,8,38.26,0,0
4,3,5,9,1404.67,95,417261
4,3,6,1,502.26,23,107693
4,3,6,2,135.72,14,84314
4,3,6,3,140.08,5,9624
4,3,6,4,17.48,0,0
4,3,6,5,107.97,5,17978
4,3,6,6,143.88,11,27311
4,3,6,7,87.39,8,42469
4,3,6,8,82.11,4,18826
4,3,6,9,2805.94,139,733705
4,3,7,1,2312.76,107,695827
4,3,7,2,676.83,29,146054
4,3,7,3,748.35,33,169849
4,3,7,4,79.77,5,42430
4,3,7,5,504.39,18,66503
4,3,7,6,862.65,25,124101
4,3,7,7,512.76,17,59311
4,3,7,8,470.4,22,121196
4,3,7,9,13951.57,584,2899470
4,4,1,1,172.47,21,105510
4,4,1,2,26.09,0,0
4,4,1,3,30.77,5,40261
4,4,1,4,13.54,0,0
4,4,1,5,30.82,3,43190
4,4,1,6,104.04,9,25652
4,4,1,7,20.72,4,7244
4,4,1,8,11.16,2,2280
4,4,1,9,944.79,90,407441
4,4,2,1,269.84,31,271937
4,4,2,2,44.88,4,18343
4,4,2,3,43.45,4,16229
4,4,2,4,35.07,2,1770
4,4,2,5,48.57,7,18027
4,4,2,6,164.27,13,55542
4,4,2,7,31.44,2,2738
4,4,2,8,21.8,2,1710
4,4,2,9,1582.15,144,690199
4,4,3,1,324.35,21,81074
4,4,3,2,67.35,5,7762
4,4,3,3,35.51,2,2184
4,4,3,4,17.58,1,1500
4,4,3,5,49.59,6,12520
4,4,3,6,164.43,15,139115
4,4,3,7,48.55,5,9487
4,4,3,8,28.33,2,34108
4,4,3,9,1687.61,120,623928
4,4,4,1,328.35,21,88706
4,4,4,2,80.47,5,6326
4,4,4,3,56.09,3,5281
4,4,4,4,20.88,0,0
4,4,4,5,64.24,4,39255
4,4,4,6,174.1,9,57665
4,4,4,7,50.19,3,7652
4,4,4,8,55.6,4,9368
4,4,4,9,1907.97,101,489424
4,4,5,1,481.3,30,86157
4,4,5,2,130.83,4,41552
4,4,5,3,93.2,4,45751
4,4,5,4,21.78,1,2193
4,4,5,5,83.41,8,27643
4,4,5,6,228.49,12,113934
4,4,5,7,90.12,5,14731
4,4,5,8,84.36,7,13308
4,4,5,9,2775.52,160,865925
4,4,6,1,978.57,44,304384
4,4,6,2,284.51,12,110861
4,4,6,3,259.23,15,36007
4,4,6,4,36.88,0,0
4,4,6,5,179.94,6,57514
4,4,6,6,398.99,18,123132
4,4,6,7,159.68,7,42550
4,4,6,8,179.44,15,135172
4,4,6,9,5553.54,255,1529493
4,4,7,1,5091.56,187,1200157
4,4,7,2,1618.34,67,364718
4,4,7,3,1710.88,74,348802
4,4,7,4,166.09,4,7563
4,4,7,5,1098.94,50,223397
4,4,7,6,2288.5,62,240148
4,4,7,7,1101.12,46,264633
4,4,7,8,1289.41,43,195629
4,4,7,9,30873.62,1186,6834531
4,5,1,1,14.14,2,2676
4,5,1,2,3.98,2,9979
4,5,1,3,1.93,0,0
4,5,1,4,0.13,0,0
4,5,1,5,5.26,1,600
4,5,1,6,12.36,2,7638
4,5,1,7,1.14,0,0
4,5,1,8,1.02,0,0
4,5,1,9,110.4,14,61788
4,5,2,1,22.43,1,1825
4,5,2,2,6.47,0,0
4,5,2,3,3.74,0,0
4,5,2,4,3.6,0,0
4,5,2,5,4.65,0,0
4,5,2,6,19.16,1,1258
4,5,2,7,3.64,1,72
4,5,2,8,2.05,0,0
4,5,2,9,184.5,17,134556
4,5,3,1,28.65,3,2343
4,5,3,2,10.98,1,5762
4,5,3,3,5.65,0,0
4,5,3,4,2.86,0,0
4,5,3,5,6.91,1,956
4,5,3,6,26.36,2,11007
4,5,3,7,3.84,1,2330
4,5,3,8,1.86,0,0
4,5,3,9,210.68,12,49731
4,5,4,1,41.28,1,4333
4,5,4,2,9.24,1,31442
4,5,4,3,9.24,1,1684
4,5,4,4,2.81,0,0
4,5,4,5,8.87,0,0
4,5,4,6,20.82,1,5368
4,5,4,7,8.46,0,0
4,5,4,8,4.4,0,0
4,5,4,9,235.24,15,106855
4,5,5,1,59.64,5,18003
4,5,5,2,13.54,0,0
4,5,5,3,9.66,1,31442
4,5,5,4,0.75,0,0
4,5,5,5,12.18,0,0
4,5,5,6,25.69,0,0
4,5,5,7,14.53,0,0
4,5,5,8,9.86,0,0
4,5,5,9,348.3,30,250211
4,5,6,1,136.9,12,96970
4,5,6,2,30.74,1,1503
4,5,6,3,38.5,3,35613
4,5,6,4,2.31,0,0
4,5,6,5,31.5,3,6302
4,5,6,6,39.79,3,34383
4,5,6,7,27.33,1,31442
4,5,6,8,26.32,2,34167
4,5,6,9,755.36,47,255811
4,5,7,1,593.04,21,123958
4,5,7,2,158.87,11,47492
4,5,7,3,196.15,9,30277
4,5,7,4,12.98,0,0
4,5,7,5,104.85,1,1978
4,5,7,6,194.9,4,10588
4,5,7,7,138.42,7,67566
4,5,7,8,149.13,3,9709
4,5,7,9,3152.35,156,768061
4,6,1,1,59.95,10,31740
4,6,1,2,8.18,0,0
4,6,1,3,7.13,1,2360
4,6,1,4,2.32,0,0
4,6,1,5,8.74,2,13931
4,6,1,6,25.54,3,32660
4,6,1,7,7.17,2,4415
4,6,1,8,3.47,0,0
4,6,1,9,282.66,22,56172
4,6,2,1,93.52,11,25417
4,6,2,2,7.56,0,0
4,6,2,3,5.7,0,0
4,6,2,4,3.57,0,0
4,6,2,5,11.91,3,41995
4,6,2,6,70.7,3,11924
4,6,2,7,10.96,1,31442
4,6,2,8,9.96,0,0
4,6,2,9,468.91,34,209378
4,6,3,1,104.27,8,51392
4,6,3,2,16,1,1363
4,6,3,3,9.16,2,4211
4,6,3,4,5.5,0,0
4,6,3,5,11.33,1,3759
4,6,3,6,58.02,3,10592
4,6,3,7,19.89,2,8013
4,6,3,8,11.8,1,6140
4,6,3,9,517.45,34,165960
4,6,4,1,103.11,8,23206
4,6,4,2,22.01,0,0
4,6,4,3,18.18,1,1955
4,6,4,4,3.26,0,0
4,6,4,5,15.31,2,5460
4,6,4,6,56.73,0,0
4,6,4,7,19.28,2,8463
4,6,4,8,25.32,1,2735
4,6,4,9,525.48,29,191633
4,6,5,1,129.17,5,14134
4,6,5,2,32.33,4,15546
4,6,5,3,31.2,1,2965
4,6,5,4,4.05,0,0
4,6,5,5,29.28,0,0
4,6,5,6,70.88,3,36493
4,6,5,7,26.85,5,10031
4,6,5,8,37.44,1,6323
4,6,5,9,777.52,35,203397
4,6,6,1,269.86,15,75377
4,6,6,2,82.85,3,5504
4,6,6,3,79.68,3,9347
4,6,6,4,6.7,0,0
4,6,6,5,64.77,3,13395
4,6,6,6,114.7,4,14816
4,6,6,7,52.7,5,7421
4,6,6,8,84.33,2,10085
4,6,6,9,1566.18,70,289782
4,6,7,1,1647.08,55,309988
4,6,7,2,477.62,23,155510
4,6,7,3,484.42,20,94528
4,6,7,4,35.59,1,31442
4,6,7,5,335.13,16,89775
4,6,7,6,731.98,10,57899
4,6,7,7,314.96,7,19365
4,6,7,8,568.29,24,210966
4,6,7,9,9304.84,356,2121962
4,7,1,1,2.25,0,0
4,7,1,2,0.09,0,0
4,7,1,3,0.9,0,0
4,7,1,5,0.73,0,0
4,7,1,6,3.46,0,0
4,7,1,7,0.6,0,0
4,7,1,9,25.33,2,4465
4,7,2,1,3.7,0,0
4,7,2,2,1.21,0,0
4,7,2,3,0.1,0,0
4,7,2,4,1.76,0,0
4,7,2,5,0.5,0,0
4,7,2,6,4.13,1,429
4,7,2,7,0.2,0,0
4,7,2,9,27.7,2,5216
4,7,3,1,3.23,0,0
4,7,3,2,1.61,0,0
4,7,3,3,0.4,0,0
4,7,3,5,0.7,0,0
4,7,3,6,5.43,1,1073
4,7,3,9,31.66,3,7305
4,7,4,1,4.29,1,626
4,7,4,2,3.47,0,0
4,7,4,3,1.49,0,0
4,7,4,4,0.01,0,0
4,7,4,5,3.31,0,0
4,7,4,6,3.27,0,0
4,7,4,7,0.1,0,0
4,7,4,8,1.85,0,0
4,7,4,9,36.11,3,4855
4,7,5,1,9.89,1,4125
4,7,5,2,1.5,0,0
4,7,5,3,0.2,0,0
4,7,5,4,1.36,0,0
4,7,5,5,1.77,0,0
4,7,5,6,2.74,0,0
4,7,5,8,1.28,0,0
4,7,5,9,46.95,2,2864
4,7,6,1,18.06,0,0
4,7,6,2,5.95,0,0
4,7,6,3,4.06,1,1140
4,7,6,4,2.81,0,0
4,7,6,5,2.7,1,5000
4,7,6,6,8.08,0,0
4,7,6,7,2.85,0,0
4,7,6,8,1.58,0,0
4,7,6,9,100.73,4,14546
4,7,7,1,86.76,1,913
4,7,7,2,36.79,3,6744
4,7,7,3,12.86,0,0
4,7,7,4,6.69,0,0
4,7,7,5,21.03,0,0
4,7,7,6,38.27,0,0
4,7,7,7,12.31,0,0
4,7,7,8,13.59,0,0
4,7,7,9,661.33,15,79549
5,1,1,1,39.38,8,19055
5,1,1,2,33.22,14,70516
5,1,1,3,25.94,6,12853
5,1,1,4,4.97,0,0
5,1,1,5,5.83,1,5315
5,1,1,6,10.55,2,14735
5,1,1,7,4.18,2,3699
5,1,1,8,8.91,4,2745
5,1,1,9,643.63,172,802056
5,1,2,1,40.03,7,53251
5,1,2,2,31.2,8,64325
5,1,2,3,40.44,6,51965
5,1,2,4,4.58,1,8390
5,1,2,5,10.55,0,0
5,1,2,6,20.21,2,8498
5,1,2,7,8.99,0,0
5,1,2,8,7.78,2,31442
5,1,2,9,697.77,122,505940
5,1,3,1,54.57,8,17149
5,1,3,2,36.47,8,46332
5,1,3,3,32.03,6,42364
5,1,3,4,4.03,0,0
5,1,3,5,11.06,0,0
5,1,3,6,18.96,1,1000
5,1,3,7,8.71,2,8327
5,1,3,8,14.5,5,39056
5,1,3,9,618.16,98,524453
5,1,4,1,61.37,3,67055
5,1,4,2,40.59,5,18027
5,1,4,3,32,0,0
5,1,4,4,2.43,0,0
5,1,4,5,16.54,1,1725
5,1,4,6,20.67,3,10781
5,1,4,7,9.94,1,3530
5,1,4,8,21.16,3,3762
5,1,4,9,617.39,81,449815
5,1,5,1,92.05,11,18385
5,1,5,2,65.64,10,47270
5,1,5,3,58.99,5,40553
5,1,5,4,1.57,0,0
5,1,5,5,18.46,2,8860
5,1,5,6,22.92,1,1845
5,1,5,7,11.36,3,36029
5,1,5,8,22.87,1,3801
5,1,5,9,820.04,111,426845
5,1,6,1,183.54,8,30510
5,1,6,2,116.62,15,66600
5,1,6,3,115.02,11,56739
5,1,6,4,4.61,0,0
5,1,6,5,42.25,4,6990
5,1,6,6,47.19,4,4778
5,1,6,7,23.47,1,2943
5,1,6,8,55.74,8,105275
5,1,6,9,1623.22,154,653118
5,1,7,1,717.63,47,208573
5,1,7,2,401.42,35,150942
5,1,7,3,439.61,30,266009
5,1,7,4,21.22,1,2000
5,1,7,5,145.24,9,53228
5,1,7,6,182.52,9,15099
5,1,7,7,102.4,5,8972
5,1,7,8,186.24,14,31626
5,1,7,9,5539.09,416,2249007
5,2,1,1,43.32,4,13238
5,2,1,2,21.67,5,8608
5,2,1,3,21.83,1,2495
5,2,1,4,6.92,2,5307
5,2,1,5,9.75,1,6866
5,2,1,6,20.25,0,0
5,2,1,7,5.5,0,0
5,2,1,8,3.68,0,0
5,2,1,9,451.09,87,438695
5,2,2,1,53.04,10,68513
5,2,2,2,26.38,4,8435
5,2,2,3,29.54,3,8813
5,2,2,4,6.84,0,0
5,2,2,5,11.94,2,3694
5,2,2,6,27.82,2,4249
5,2,2,7,11.17,1,2686
5,2,2,8,7.6,0,0
5,2,2,9,576.16,76,302181
5,2,3,1,71.9,8,51707
5,2,3,2,31.96,6,25061
5,2,3,3,28.18,3,34674
5,2,3,4,5.98,0,0
5,2,3,5,10.02,2,2855
5,2,3,6,22.94,1,8000
5,2,3,7,13.41,1,435
5,2,3,8,16.4,1,4005
5,2,3,9,612.27,64,228163
5,2,4,1,75.09,3,12022
5,2,4,2,39.02,2,3970
5,2,4,3,26.66,1,1467
5,2,4,4,4.81,0,0
5,2,4,5,14.32,0,0
5,2,4,6,38.4,1,31442
5,2,4,7,15.27,2,12253
5,2,4,8,19.66,2,7718
5,2,4,9,703.72,91,439898
5,2,5,1,122,2,13341
5,2,5,2,49.82,4,38056
5,2,5,3,56.86,0,0
5,2,5,4,4.69,0,0
5,2,5,5,25.1,1,31442
5,2,5,6,38.73,3,3731
5,2,5,7,18.83,2,11144
5,2,5,8,39.01,3,5673
5,2,5,9,1004.07,87,547051
5,2,6,1,276.21,24,84068
5,2,6,2,121.45,12,40273
5,2,6,3,140.3,11,72080
5,2,6,4,5.76,0,0
5,2,6,5,64.51,7,110527
5,2,6,6,71.49,3,4822
5,2,6,7,45.13,1,3571
5,2,6,8,80.96,5,38993
5,2,6,9,2109.22,172,625489
5,2,7,1,1110.45,65,373173
5,2,7,2,484.99,43,139960
5,2,7,3,611.99,34,157871
5,2,7,4,31.88,0,0
5,2,7,5,254.68,20,147025
5,2,7,6,313.88,16,102075
5,2,7,7,203.03,5,14472
5,2,7,8,389.67,20,141846
5,2,7,9,8729.83,517,2613039
5,3,1,1,62.53,6,48495
5,3,1,2,22.94,5,22703
5,3,1,3,17.73,3,15788
5,3,1,4,6.76,1,992
5,3,1,5,8.97,2,31615
5,3,1,6,25.31,3,2575
5,3,1,7,7.18,3,4422
5,3,1,8,4.46,2,7451
5,3,1,9,440.93,54,251193
5,3,2,1,74.65,12,61398
5,3,2,2,21.61,1,1450
5,3,2,3,27.4,3,5061
5,3,2,4,5.81,2,3671
5,3,2,5,13.19,2,4928
5,3,2,6,32.8,5,69277
5,3,2,7,11.21,0,0
5,3,2,8,10.8,2,2629
5,3,2,9,598.14,68,264917
5,3,3,1,94.29,13,54694
5,3,3,2,31.55,3,34055
5,3,3,3,29.43,2,1426
5,3,3,4,5.58,0,0
5,3,3,5,19.91,3,6534
5,3,3,6,44.03,0,0
5,3,3,7,16,2,11808
5,3,3,8,11.92,0,0
5,3,3,9,649.11,62,329058
5,3,4,1,107.13,11,94918
5,3,4,2,32.28,3,2313
5,3,4,3,33.65,4,12288
5,3,4,4,3.27,0,0
5,3,4,5,22.77,3,5911
5,3,4,6,43.27,2,10115
5,3,4,7,12.37,1,3392
5,3,4,8,21.73,0,0
5,3,4,9,729.8,63,235765
5,3,5,1,149.79,8,37006
5,3,5,2,58.08,5,37990
5,3,5,3,48.59,6,11364
5,3,5,4,6.96,0,0
5,3,5,5,34.25,4,35822
5,3,5,6,59.82,4,6347
5,3,5,7,23.38,2,6534
5,3,5,8,44.65,3,4969
5,3,5,9,1054.73,69,281281
5,3,6,1,300.28,22,76756
5,3,6,2,124.65,12,92958
5,3,6,3,145.5,5,19178
5,3,6,4,9.91,0,0
5,3,6,5,63.07,5,20281
5,3,6,6,101.73,6,43173
5,3,6,7,51.13,7,28491
5,3,6,8,116.28,4,7403
5,3,6,9,2084.66,159,771665
5,3,7,1,1291.25,41,293493
5,3,7,2,520.94,29,138830
5,3,7,3,676.38,28,235831
5,3,7,4,35.33,2,5829
5,3,7,5,299.99,23,120261
5,3,7,6,523.39,14,62013
5,3,7,7,265.89,13,36704
5,3,7,8,599.43,29,155051
5,3,7,9,9965.28,486,2560945
5,4,1,1,109.23,13,60096
5,4,1,2,31.71,3,36934
5,4,1,3,32.35,2,32365
5,4,1,4,9.88,1,3542
5,4,1,5,19.48,2,1065
5,4,1,6,50.65,5,42686
5,4,1,7,16.11,4,7357
5,4,1,8,15.57,1,9579
5,4,1,9,770.69,91,524705
5,4,2,1,180.1,26,103992
5,4,2,2,35.5,5,65836
5,4,2,3,50.22,2,32896
5,4,2,4,11.9,1,2825
5,4,2,5,36.25,6,11558
5,4,2,6,106.18,7,21782
5,4,2,7,22.34,1,7660
5,4,2,8,25.02,3,6659
5,4,2,9,1141.56,115,557417
5,4,3,1,198.57,18,70984
5,4,3,2,59.81,3,14822
5,4,3,3,46.93,2,4836
5,4,3,4,14.15,0,0
5,4,3,5,35.34,1,1985
5,4,3,6,106.79,5,40142
5,4,3,7,25.13,3,9201
5,4,3,8,34.61,1,1753
5,4,3,9,1219.62,113,506246
5,4,4,1,230.03,9,53377
5,4,4,2,59.93,4,15865
5,4,4,3,47.93,1,31442
5,4,4,4,12.54,1,800
5,4,4,5,34.38,1,2237
5,4,4,6,107.54,7,50019
5,4,4,7,31.52,5,19379
5,4,4,8,56.83,2,3886
5,4,4,9,1419.58,99,647293
5,4,5,1,317.01,15,80540
5,4,5,2,104.4,5,10570
5,4,5,3,102.93,4,5590
5,4,5,4,10.46,0,0
5,4,5,5,50.41,2,4525
5,4,5,6,122.58,5,16623
5,4,5,7,47.24,5,11325
5,4,5,8,92.6,8,43023
5,4,5,9,2014.55,125,644099
5,4,6,1,541.77,32,161900
5,4,6,2,215.82,6,14288
5,4,6,3,246.8,8,58500
5,4,6,4,11.39,0,0
5,4,6,5,133.59,13,95129
5,4,6,6,226.28,10,22795
5,4,6,7,107.83,8,25329
5,4,6,8,242.78,15,168380
5,4,6,9,4231.59,250,1304846
5,4,7,1,2946.7,122,613652
5,4,7,2,1117.96,58,255116
5,4,7,3,1396.49,53,337846
5,4,7,4,75.39,1,1962
5,4,7,5,635.91,29,196401
5,4,7,6,1291.12,50,333231
5,4,7,7,542.86,23,91399
5,4,7,8,1382.66,52,571579
5,4,7,9,21581.24,920,4847989
5,5,1,1,9.75,0,0
5,5,1,2,2.94,0,0
5,5,1,3,14.21,3,13529
5,5,1,4,0.76,0,0
5,5,1,5,3.42,1,4058
5,5,1,6,5.64,0,0
5,5,1,7,2.44,0,0
5,5,1,8,2.49,1,31442
5,5,1,9,117.39,17,121307
5,5,2,1,17.77,0,0
5,5,2,2,4.89,1,9007
5,5,2,3,4.58,0,0
5,5,2,4,0.1,0,0
5,5,2,5,6.13,1,4225
5,5,2,6,5.16,0,0
5,5,2,7,2.39,0,0
5,5,2,8,3.41,0,0
5,5,2,9,140.2,13,95879
5,5,3,1,20.03,0,0
5,5,3,2,6.06,0,0
5,5,3,3,3.24,1,779
5,5,3,4,1.16,0,0
5,5,3,5,1.52,0,0
5,5,3,6,9.01,0,0
5,5,3,7,2.63,0,0
5,5,3,8,10.94,2,6484
5,5,3,9,188.15,13,75374
5,5,4,1,20.61,3,35174
5,5,4,2,7.09,0,0
5,5,4,3,7.6,2,3611
5,5,4,5,3.31,0,0
5,5,4,6,13,0,0
5,5,4,7,1.37,0,0
5,5,4,8,11.07,0,0
5,5,4,9,177.36,12,61341
5,5,5,1,28.28,1,716
5,5,5,2,17.99,1,3896
5,5,5,3,21.19,1,1576
5,5,5,5,10.13,0,0
5,5,5,6,10.81,0,0
5,5,5,7,3.99,0,0
5,5,5,8,12.05,0,0
5,5,5,9,234,22,107065
5,5,6,1,54.72,1,3000
5,5,6,2,21.61,2,4502
5,5,6,3,42.44,2,3695
5,5,6,4,1.65,0,0
5,5,6,5,16.46,0,0
5,5,6,6,26.23,2,10259
5,5,6,7,13.65,3,5598
5,5,6,8,39.76,4,15915
5,5,6,9,568.65,42,186899
5,5,7,1,266.04,17,80318
5,5,7,2,116.75,6,48119
5,5,7,3,171.84,9,26797
5,5,7,4,2.07,0,0
5,5,7,5,61.96,4,10580
5,5,7,6,114.36,2,39981
5,5,7,7,49.37,2,5391
5,5,7,8,173.28,11,119909
5,5,7,9,2387.46,99,559278
5,6,1,1,30.8,4,8714
5,6,1,2,11.97,2,7747
5,6,1,3,3.22,1,31442
5,6,1,4,1.34,0,0
5,6,1,5,8.91,2,3112
5,6,1,6,15.68,0,0
5,6,1,7,6.17,0,0
5,6,1,8,6.94,1,994
5,6,1,9,201.95,15,120724
5,6,2,1,62.69,9,20731
5,6,2,2,8.04,0,0
5,6,2,3,10.73,0,0
5,6,2,4,1.68,0,0
5,6,2,5,15.42,1,3277
5,6,2,6,31.15,2,5291
5,6,2,7,9.18,1,4884
5,6,2,8,10.16,0,0
5,6,2,9,316.66,21,119632
5,6,3,1,63.63,2,5400
5,6,3,2,11.93,2,9525
5,6,3,3,12.55,0,0
5,6,3,4,2.3,0,0
5,6,3,5,10.67,1,31442
5,6,3,6,38.64,2,1953
5,6,3,7,13.39,3,9508
5,6,3,8,12.02,1,4581
5,6,3,9,359.57,26,139072
5,6,4,1,69.43,11,62295
5,6,4,2,13.47,1,2575
5,6,4,3,14.11,2,32158
5,6,4,4,1.05,0,0
5,6,4,5,7.5,1,31442
5,6,4,6,36.19,0,0
5,6,4,7,8.58,1,1135
5,6,4,8,22.65,1,3590
5,6,4,9,393,24,116662
5,6,5,1,87.44,5,17072
5,6,5,2,23.03,2,2283
5,6,5,3,23.02,0,0
5,6,5,4,1.58,0,0
5,6,5,5,10.55,2,32423
5,6,5,6,32.49,5,68672
5,6,5,7,10.74,0,0
5,6,5,8,32.78,0,0
5,6,5,9,533.49,36,186668
5,6,6,1,157.06,5,16138
5,6,6,2,49.35,3,64610
5,6,6,3,67.45,2,2977
5,6,6,4,1.15,0,0
5,6,6,5,39.6,1,1802
5,6,6,6,75.36,2,11385
5,6,6,7,25.64,1,1968
5,6,6,8,102.98,7,46010
5,6,6,9,1203.01,65,389080
5,6,7,1,889.43,34,261859
5,6,7,2,313.49,18,137743
5,6,7,3,415.78,11,79125
5,6,7,4,19.5,1,874
5,6,7,5,178.83,10,21659
5,6,7,6,389.82,17,64534
5,6,7,7,147.94,7,24026
5,6,7,8,579.49,29,130489
5,6,7,9,6392.6,317,1517683
5,7,1,1,0.9,0,0
5,7,1,2,0.04,0,0
5,7,1,5,0.7,0,0
5,7,1,9,14.77,2,8628
5,7,2,1,2.25,0,0
5,7,2,2,0.72,0,0
5,7,2,3,0.46,0,0
5,7,2,5,0.3,0,0
5,7,2,6,1.32,0,0
5,7,2,7,0.46,0,0
5,7,2,9,27.54,1,1314
5,7,3,1,4.71,0,0
5,7,3,2,1.88,0,0
5,7,3,3,0.08,0,0
5,7,3,5,0.04,0,0
5,7,3,6,1.88,0,0
5,7,3,7,0.58,0,0
5,7,3,9,23.65,2,6600
5,7,4,1,3.74,0,0
5,7,4,2,1.2,0,0
5,7,4,4,0.7,0,0
5,7,4,6,0.96,1,1231
5,7,4,7,0.03,0,0
5,7,4,9,24.61,0,0
5,7,5,1,5.98,2,6102
5,7,5,2,0.8,0,0
5,7,5,3,1.1,0,0
5,7,5,4,0.34,0,0
5,7,5,5,0.7,0,0
5,7,5,6,2.48,0,0
5,7,5,7,0.6,1,2935
5,7,5,8,1.14,0,0
5,7,5,9,38.77,1,1150
5,7,6,1,8.47,0,0
5,7,6,2,2.49,0,0
5,7,6,3,2.89,0,0
5,7,6,4,0.13,0,0
5,7,6,5,1.36,0,0
5,7,6,6,4.15,0,0
5,7,6,7,2.23,0,0
5,7,6,8,1.96,0,0
5,7,6,9,69.7,2,32275
5,7,7,1,51.24,1,31442
5,7,7,2,21.74,2,31942
5,7,7,3,9.91,0,0
5,7,7,4,2.35,0,0
5,7,7,5,8.74,0,0
5,7,7,6,16.61,0,0
5,7,7,7,2.83,1,966
5,7,7,8,13.06,0,0
5,7,7,9,384.87,16,112252
